"Origen","Destino","Categoria","Asset","Fuente","Tipo"
"D:\Modelos_3D_Comentados_Lexury\anime+girl+3d+model.zip","D:\Modelos_3D_Comentados_Lexury\personajes\anime_girl\anime+girl+3d+model__from_root.zip","personajes","anime_girl","root","Archivo"
"D:\Modelos_3D_Comentados_Lexury\anime girl 3d model\anime+girl+3d+model.glb","D:\Modelos_3D_Comentados_Lexury\personajes\anime_girl\anime+girl+3d+model.glb","personajes","anime_girl","anime girl 3d model","Archivo"
"D:\Modelos_3D_Comentados_Lexury\anime girl 3d model\anime+girl+3d+model.stl","D:\Modelos_3D_Comentados_Lexury\personajes\anime_girl\anime+girl+3d+model.stl","personajes","anime_girl","anime girl 3d model","Archivo"
"D:\Modelos_3D_Comentados_Lexury\anime girl 3d model\anime+girl+3d+model.zip","D:\Modelos_3D_Comentados_Lexury\personajes\anime_girl\anime+girl+3d+model.zip","personajes","anime_girl","anime girl 3d model","Archivo"
"D:\Modelos_3D_Comentados_Lexury\torzos\blue+crystal+humanoid+3d+model.zip","D:\Modelos_3D_Comentados_Lexury\personajes\blue_crystal_humanoid\blue+crystal+humanoid+3d+model__from_torzos.zip","personajes","blue_crystal_humanoid","torzos","Archivo"
"D:\Modelos_3D_Comentados_Lexury\modelos 3d\blue+crystal+humanoid+3d+model.zip","D:\Modelos_3D_Comentados_Lexury\personajes\blue_crystal_humanoid\blue+crystal+humanoid+3d+model.zip","personajes","blue_crystal_humanoid","modelos 3d","Archivo"
"D:\Modelos_3D_Comentados_Lexury\modelos 3d\blue+humanoid+3d+model.zip","D:\Modelos_3D_Comentados_Lexury\personajes\blue_humanoid\blue+humanoid+3d+model__from_modelos_3d.zip","personajes","blue_humanoid","modelos 3d","Archivo"
"D:\Modelos_3D_Comentados_Lexury\fantasy armored character 3d model\blue+humanoid+3d+model.zip","D:\Modelos_3D_Comentados_Lexury\personajes\blue_humanoid\blue+humanoid+3d+model.zip","personajes","blue_humanoid","fantasy armored character 3d model","Archivo"
"D:\Modelos_3D_Comentados_Lexury\torzos\butterfly+fairy+3d+model.zip","D:\Modelos_3D_Comentados_Lexury\personajes\butterfly_fairy\butterfly+fairy+3d+model__from_torzos.zip","personajes","butterfly_fairy","torzos","Archivo"
"D:\Modelos_3D_Comentados_Lexury\modelos 3d\butterfly+fairy+3d+model.zip","D:\Modelos_3D_Comentados_Lexury\personajes\butterfly_fairy\butterfly+fairy+3d+model.zip","personajes","butterfly_fairy","modelos 3d","Archivo"
"D:\Modelos_3D_Comentados_Lexury\modelos 3d\cosmic+humanoid+3d+model.zip","D:\Modelos_3D_Comentados_Lexury\personajes\cosmic_humanoid\cosmic+humanoid+3d+model__from_modelos_3d.zip","personajes","cosmic_humanoid","modelos 3d","Archivo"
"D:\Modelos_3D_Comentados_Lexury\fantasy armored character 3d model\cosmic+humanoid+3d+model.zip","D:\Modelos_3D_Comentados_Lexury\personajes\cosmic_humanoid\cosmic+humanoid+3d+model.zip","personajes","cosmic_humanoid","fantasy armored character 3d model","Archivo"
"D:\Modelos_3D_Comentados_Lexury\crystal human 3d model\crystal+human+3d+model-FBX.zip","D:\Modelos_3D_Comentados_Lexury\personajes\crystal_human\crystal+human+3d+model-FBX.zip","personajes","crystal_human","crystal human 3d model","Archivo"
"D:\Modelos_3D_Comentados_Lexury\crystal human 3d model\crystal+human+3d+model-OBJ.zip","D:\Modelos_3D_Comentados_Lexury\personajes\crystal_human\crystal+human+3d+model-OBJ.zip","personajes","crystal_human","crystal human 3d model","Archivo"
"D:\Modelos_3D_Comentados_Lexury\crystal human 3d model\crystal+human+3d+model.stl","D:\Modelos_3D_Comentados_Lexury\personajes\crystal_human\crystal+human+3d+model.stl","personajes","crystal_human","crystal human 3d model","Archivo"
"D:\Modelos_3D_Comentados_Lexury\modelos 3d\crystal+human+3d+model.zip","D:\Modelos_3D_Comentados_Lexury\personajes\crystal_human\crystal+human+3d+model.zip","personajes","crystal_human","modelos 3d","Archivo"
"D:\Modelos_3D_Comentados_Lexury\dark armored knight 3d model\dark+armored+knight+3d+model.glb","D:\Modelos_3D_Comentados_Lexury\personajes\dark_armored_knight\dark+armored+knight+3d+model.glb","personajes","dark_armored_knight","dark armored knight 3d model","Archivo"
"D:\Modelos_3D_Comentados_Lexury\dark armored knight 3d model\dark+armored+knight+3d+model+FBX.zip","D:\Modelos_3D_Comentados_Lexury\personajes\dark_armored_knight\dark+armored+knight+3d+model+FBX.zip","personajes","dark_armored_knight","dark armored knight 3d model","Archivo"
"D:\Modelos_3D_Comentados_Lexury\dark armored knight 3d model\dark+armored+knight+3d+model+OBJ.zip","D:\Modelos_3D_Comentados_Lexury\personajes\dark_armored_knight\dark+armored+knight+3d+model+OBJ.zip","personajes","dark_armored_knight","dark armored knight 3d model","Archivo"
"D:\Modelos_3D_Comentados_Lexury\modelos 3d\energy+humanoid+3d+model.zip","D:\Modelos_3D_Comentados_Lexury\personajes\energy_humanoid\energy+humanoid+3d+model.zip","personajes","energy_humanoid","modelos 3d","Archivo"
"D:\Modelos_3D_Comentados_Lexury\faceted humanoid 3d model\faceted+humanoid+3d+model-FBX.zip","D:\Modelos_3D_Comentados_Lexury\personajes\faceted_humanoid\faceted+humanoid+3d+model-FBX.zip","personajes","faceted_humanoid","faceted humanoid 3d model","Archivo"
"D:\Modelos_3D_Comentados_Lexury\faceted humanoid 3d model\faceted+humanoid+3d+model-OBJ.zip","D:\Modelos_3D_Comentados_Lexury\personajes\faceted_humanoid\faceted+humanoid+3d+model-OBJ.zip","personajes","faceted_humanoid","faceted humanoid 3d model","Archivo"
"D:\Modelos_3D_Comentados_Lexury\faceted humanoid 3d model\faceted+humanoid+3d+model.glb","D:\Modelos_3D_Comentados_Lexury\personajes\faceted_humanoid\faceted+humanoid+3d+model.glb","personajes","faceted_humanoid","faceted humanoid 3d model","Archivo"
"D:\Modelos_3D_Comentados_Lexury\faceted humanoid 3d model\faceted+humanoid+3d+model.stl","D:\Modelos_3D_Comentados_Lexury\personajes\faceted_humanoid\faceted+humanoid+3d+model.stl","personajes","faceted_humanoid","faceted humanoid 3d model","Archivo"
"D:\Modelos_3D_Comentados_Lexury\modelos 3d\faceted+humanoid+3d+model.zip","D:\Modelos_3D_Comentados_Lexury\personajes\faceted_humanoid\faceted+humanoid+3d+model.zip","personajes","faceted_humanoid","modelos 3d","Archivo"
"D:\Modelos_3D_Comentados_Lexury\modelos 3d\fantasy+armored+character+3d+model.zip","D:\Modelos_3D_Comentados_Lexury\personajes\fantasy_armored_character\fantasy+armored+character+3d+model.zip","personajes","fantasy_armored_character","modelos 3d","Archivo"
"D:\Modelos_3D_Comentados_Lexury\modelos 3d\fantasy+character+3d+model.zip","D:\Modelos_3D_Comentados_Lexury\personajes\fantasy_character\fantasy+character+3d+model__from_modelos_3d.zip","personajes","fantasy_character","modelos 3d","Archivo"
"D:\Modelos_3D_Comentados_Lexury\fantasy+character+3d+model.zip","D:\Modelos_3D_Comentados_Lexury\personajes\fantasy_character\fantasy+character+3d+model__from_root.zip","personajes","fantasy_character","root","Archivo"
"D:\Modelos_3D_Comentados_Lexury\torzos\fantasy+character+3d+model.zip","D:\Modelos_3D_Comentados_Lexury\personajes\fantasy_character\fantasy+character+3d+model__from_torzos.zip","personajes","fantasy_character","torzos","Archivo"
"D:\Modelos_3D_Comentados_Lexury\fantasy+character+3d+model\fantasy+character+3d+model.glb","D:\Modelos_3D_Comentados_Lexury\personajes\fantasy_character\fantasy+character+3d+model.glb","personajes","fantasy_character","fantasy+character+3d+model","Archivo"
"D:\Modelos_3D_Comentados_Lexury\anime girl 3d model\fantasy+character+3d+model.stl","D:\Modelos_3D_Comentados_Lexury\personajes\fantasy_character\fantasy+character+3d+model.stl","personajes","fantasy_character","anime girl 3d model","Archivo"
"D:\Modelos_3D_Comentados_Lexury\anime girl 3d model\fantasy+character+3d+model.zip","D:\Modelos_3D_Comentados_Lexury\personajes\fantasy_character\fantasy+character+3d+model.zip","personajes","fantasy_character","anime girl 3d model","Archivo"
"D:\Modelos_3D_Comentados_Lexury\fantasy elemental 3d model\fantasy+elemental+3d+model-fBX.zip","D:\Modelos_3D_Comentados_Lexury\personajes\fantasy_elemental\fantasy+elemental+3d+model-fBX.zip","personajes","fantasy_elemental","fantasy elemental 3d model","Archivo"
"D:\Modelos_3D_Comentados_Lexury\fantasy elemental 3d model\fantasy+elemental+3d+model-obj.zip","D:\Modelos_3D_Comentados_Lexury\personajes\fantasy_elemental\fantasy+elemental+3d+model-obj.zip","personajes","fantasy_elemental","fantasy elemental 3d model","Archivo"
"D:\Modelos_3D_Comentados_Lexury\fantasy elemental 3d model\fantasy+elemental+3d+model.glb","D:\Modelos_3D_Comentados_Lexury\personajes\fantasy_elemental\fantasy+elemental+3d+model.glb","personajes","fantasy_elemental","fantasy elemental 3d model","Archivo"
"D:\Modelos_3D_Comentados_Lexury\fantasy elemental 3d model\fantasy+elemental+3d+model.stl","D:\Modelos_3D_Comentados_Lexury\personajes\fantasy_elemental\fantasy+elemental+3d+model.stl","personajes","fantasy_elemental","fantasy elemental 3d model","Archivo"
"D:\Modelos_3D_Comentados_Lexury\fiery demon 3d model\fiery+demon+3d+model-FBX.zip","D:\Modelos_3D_Comentados_Lexury\personajes\fiery_demon\fiery+demon+3d+model-FBX.zip","personajes","fiery_demon","fiery demon 3d model","Archivo"
"D:\Modelos_3D_Comentados_Lexury\fiery demon 3d model\fiery+demon+3d+model-OBJ.zip","D:\Modelos_3D_Comentados_Lexury\personajes\fiery_demon\fiery+demon+3d+model-OBJ.zip","personajes","fiery_demon","fiery demon 3d model","Archivo"
"D:\Modelos_3D_Comentados_Lexury\fiery demon 3d model\fiery+demon+3d+model.glb","D:\Modelos_3D_Comentados_Lexury\personajes\fiery_demon\fiery+demon+3d+model.glb","personajes","fiery_demon","fiery demon 3d model","Archivo"
"D:\Modelos_3D_Comentados_Lexury\fiery demon 3d model\fiery+demon+3d+model.stl","D:\Modelos_3D_Comentados_Lexury\personajes\fiery_demon\fiery+demon+3d+model.stl","personajes","fiery_demon","fiery demon 3d model","Archivo"
"D:\Modelos_3D_Comentados_Lexury\modelos 3d\fiery+demon+3d+model.zip","D:\Modelos_3D_Comentados_Lexury\personajes\fiery_demon\fiery+demon+3d+model.zip","personajes","fiery_demon","modelos 3d","Archivo"
"D:\Modelos_3D_Comentados_Lexury\modelos 3d\fiery+humanoid+3d+model (1).zip","D:\Modelos_3D_Comentados_Lexury\personajes\fiery_humanoid\fiery+humanoid+3d+model (1).zip","personajes","fiery_humanoid","modelos 3d","Archivo"
"D:\Modelos_3D_Comentados_Lexury\fiery+humanoid+3d+model\fiery+humanoid+3d+model.glb","D:\Modelos_3D_Comentados_Lexury\personajes\fiery_humanoid\fiery+humanoid+3d+model__from_fiery_humanoid_3d_model.glb","personajes","fiery_humanoid","fiery+humanoid+3d+model","Archivo"
"D:\Modelos_3D_Comentados_Lexury\fiery+humanoid+3d+model\fiery+humanoid+3d+model.stl","D:\Modelos_3D_Comentados_Lexury\personajes\fiery_humanoid\fiery+humanoid+3d+model__from_fiery_humanoid_3d_model.stl","personajes","fiery_humanoid","fiery+humanoid+3d+model","Archivo"
"D:\Modelos_3D_Comentados_Lexury\modelos 3d\fiery+humanoid+3d+model.glb","D:\Modelos_3D_Comentados_Lexury\personajes\fiery_humanoid\fiery+humanoid+3d+model__from_modelos_3d.glb","personajes","fiery_humanoid","modelos 3d","Archivo"
"D:\Modelos_3D_Comentados_Lexury\fiery+humanoid+3d+model-45.zip","D:\Modelos_3D_Comentados_Lexury\personajes\fiery_humanoid\fiery+humanoid+3d+model-45.zip","personajes","fiery_humanoid","root","Archivo"
"D:\Modelos_3D_Comentados_Lexury\fiery+humanoid+3d+model\fiery+humanoid+3d+model-FBX.zip","D:\Modelos_3D_Comentados_Lexury\personajes\fiery_humanoid\fiery+humanoid+3d+model-FBX__from_fiery_humanoid_3d_model.zip","personajes","fiery_humanoid","fiery+humanoid+3d+model","Archivo"
"D:\Modelos_3D_Comentados_Lexury\fiery humanoid 3d model\fiery+humanoid+3d+model-FBX.zip","D:\Modelos_3D_Comentados_Lexury\personajes\fiery_humanoid\fiery+humanoid+3d+model-FBX.zip","personajes","fiery_humanoid","fiery humanoid 3d model","Archivo"
"D:\Modelos_3D_Comentados_Lexury\fiery+humanoid+3d+model\fiery+humanoid+3d+model-OBJ.zip","D:\Modelos_3D_Comentados_Lexury\personajes\fiery_humanoid\fiery+humanoid+3d+model-OBJ__from_fiery_humanoid_3d_model.zip","personajes","fiery_humanoid","fiery+humanoid+3d+model","Archivo"
"D:\Modelos_3D_Comentados_Lexury\fiery humanoid 3d model\fiery+humanoid+3d+model-OBJ.zip","D:\Modelos_3D_Comentados_Lexury\personajes\fiery_humanoid\fiery+humanoid+3d+model-OBJ.zip","personajes","fiery_humanoid","fiery humanoid 3d model","Archivo"
"D:\Modelos_3D_Comentados_Lexury\fiery humanoid 3d model\fiery+humanoid+3d+model.glb","D:\Modelos_3D_Comentados_Lexury\personajes\fiery_humanoid\fiery+humanoid+3d+model.glb","personajes","fiery_humanoid","fiery humanoid 3d model","Archivo"
"D:\Modelos_3D_Comentados_Lexury\fiery humanoid 3d model\fiery+humanoid+3d+model.stl","D:\Modelos_3D_Comentados_Lexury\personajes\fiery_humanoid\fiery+humanoid+3d+model.stl","personajes","fiery_humanoid","fiery humanoid 3d model","Archivo"
"D:\Modelos_3D_Comentados_Lexury\modelos 3d\fiery+humanoid+3d+model.zip","D:\Modelos_3D_Comentados_Lexury\personajes\fiery_humanoid\fiery+humanoid+3d+model.zip","personajes","fiery_humanoid","modelos 3d","Archivo"
"D:\Modelos_3D_Comentados_Lexury\modelos 3d\fiery+mascot+3d+model.zip","D:\Modelos_3D_Comentados_Lexury\personajes\fiery_mascot\fiery+mascot+3d+model__from_modelos_3d.zip","personajes","fiery_mascot","modelos 3d","Archivo"
"D:\Modelos_3D_Comentados_Lexury\fantasy armored character 3d model\fiery+mascot+3d+model.zip","D:\Modelos_3D_Comentados_Lexury\personajes\fiery_mascot\fiery+mascot+3d+model.zip","personajes","fiery_mascot","fantasy armored character 3d model","Archivo"
"D:\Modelos_3D_Comentados_Lexury\flower+creature+3d+model.zip","D:\Modelos_3D_Comentados_Lexury\personajes\flower_creature\flower+creature+3d+model__from_root.zip","personajes","flower_creature","root","Archivo"
"D:\Modelos_3D_Comentados_Lexury\flower+creature+3d+model\flower+creature+3d+model.glb","D:\Modelos_3D_Comentados_Lexury\personajes\flower_creature\flower+creature+3d+model.glb","personajes","flower_creature","flower+creature+3d+model","Archivo"
"D:\Modelos_3D_Comentados_Lexury\anime girl 3d model\flower+creature+3d+model.stl","D:\Modelos_3D_Comentados_Lexury\personajes\flower_creature\flower+creature+3d+model.stl","personajes","flower_creature","anime girl 3d model","Archivo"
"D:\Modelos_3D_Comentados_Lexury\anime girl 3d model\flower+creature+3d+model.zip","D:\Modelos_3D_Comentados_Lexury\personajes\flower_creature\flower+creature+3d+model.zip","personajes","flower_creature","anime girl 3d model","Archivo"
"D:\Modelos_3D_Comentados_Lexury\modelos 3d\futuristic+humanoid+3d+model (1).zip","D:\Modelos_3D_Comentados_Lexury\personajes\futuristic_humanoid\futuristic+humanoid+3d+model (1).zip","personajes","futuristic_humanoid","modelos 3d","Archivo"
"D:\Modelos_3D_Comentados_Lexury\futuristic+humanoid+3d+model\futuristic+humanoid+3d+model-FBX.zip","D:\Modelos_3D_Comentados_Lexury\personajes\futuristic_humanoid\futuristic+humanoid+3d+model-FBX.zip","personajes","futuristic_humanoid","futuristic+humanoid+3d+model","Archivo"
"D:\Modelos_3D_Comentados_Lexury\futuristic+humanoid+3d+model\futuristic+humanoid+3d+model-OBJ.zip","D:\Modelos_3D_Comentados_Lexury\personajes\futuristic_humanoid\futuristic+humanoid+3d+model-OBJ.zip","personajes","futuristic_humanoid","futuristic+humanoid+3d+model","Archivo"
"D:\Modelos_3D_Comentados_Lexury\futuristic+humanoid+3d+model\futuristic+humanoid+3d+model.glb","D:\Modelos_3D_Comentados_Lexury\personajes\futuristic_humanoid\futuristic+humanoid+3d+model.glb","personajes","futuristic_humanoid","futuristic+humanoid+3d+model","Archivo"
"D:\Modelos_3D_Comentados_Lexury\modelos 3d\futuristic+humanoid+3d+model.zip","D:\Modelos_3D_Comentados_Lexury\personajes\futuristic_humanoid\futuristic+humanoid+3d+model.zip","personajes","futuristic_humanoid","modelos 3d","Archivo"
"D:\Modelos_3D_Comentados_Lexury\modelos 3d\glowing+armored+suit+3d+model.zip","D:\Modelos_3D_Comentados_Lexury\personajes\glowing_armored_suit\glowing+armored+suit+3d+model__from_modelos_3d.zip","personajes","glowing_armored_suit","modelos 3d","Archivo"
"D:\Modelos_3D_Comentados_Lexury\fantasy armored character 3d model\glowing+armored+suit+3d+model.zip","D:\Modelos_3D_Comentados_Lexury\personajes\glowing_armored_suit\glowing+armored+suit+3d+model.zip","personajes","glowing_armored_suit","fantasy armored character 3d model","Archivo"
"D:\Modelos_3D_Comentados_Lexury\glowing energy humanoid 3d model\glowing+energy+humanoid+3d+1model.stl","D:\Modelos_3D_Comentados_Lexury\personajes\glowing_energy_humanoid\glowing+energy+humanoid+3d+1model.stl","personajes","glowing_energy_humanoid","glowing energy humanoid 3d model","Archivo"
"D:\Modelos_3D_Comentados_Lexury\modelos 3d\glowing+energy+humanoid+3d+model","D:\Modelos_3D_Comentados_Lexury\personajes\glowing_energy_humanoid\glowing+energy+humanoid+3d+model","personajes","glowing_energy_humanoid","modelos 3d","Directorio"
"D:\Modelos_3D_Comentados_Lexury\glowing energy humanoid 3d model\glowing+energy+humanoid+3d+model (1).glb","D:\Modelos_3D_Comentados_Lexury\personajes\glowing_energy_humanoid\glowing+energy+humanoid+3d+model (1).glb","personajes","glowing_energy_humanoid","glowing energy humanoid 3d model","Archivo"
"D:\Modelos_3D_Comentados_Lexury\glowing energy humanoid 3d model\glowing+energy+humanoid+3d+model.glb","D:\Modelos_3D_Comentados_Lexury\personajes\glowing_energy_humanoid\glowing+energy+humanoid+3d+model.glb","personajes","glowing_energy_humanoid","glowing energy humanoid 3d model","Archivo"
"D:\Modelos_3D_Comentados_Lexury\glowing energy humanoid 3d model\glowing+energy+humanoid+3d+model.stl","D:\Modelos_3D_Comentados_Lexury\personajes\glowing_energy_humanoid\glowing+energy+humanoid+3d+model.stl","personajes","glowing_energy_humanoid","glowing energy humanoid 3d model","Archivo"
"D:\Modelos_3D_Comentados_Lexury\modelos 3d\glowing+energy+humanoid+3d+model.zip","D:\Modelos_3D_Comentados_Lexury\personajes\glowing_energy_humanoid\glowing+energy+humanoid+3d+model.zip","personajes","glowing_energy_humanoid","modelos 3d","Archivo"
"D:\Modelos_3D_Comentados_Lexury\glowing energy humanoid 3d model\glowing+energy+humanoid+3d+model+FBX.zip","D:\Modelos_3D_Comentados_Lexury\personajes\glowing_energy_humanoid\glowing+energy+humanoid+3d+model+FBX.zip","personajes","glowing_energy_humanoid","glowing energy humanoid 3d model","Archivo"
"D:\Modelos_3D_Comentados_Lexury\glowing energy humanoid 3d model\glowing+energy+humanoid+3d+model+OBJ (1).zip","D:\Modelos_3D_Comentados_Lexury\personajes\glowing_energy_humanoid\glowing+energy+humanoid+3d+model+OBJ (1).zip","personajes","glowing_energy_humanoid","glowing energy humanoid 3d model","Archivo"
"D:\Modelos_3D_Comentados_Lexury\glowing energy humanoid 3d model\glowing+energy+humanoid+3d+OBJ+model.zip","D:\Modelos_3D_Comentados_Lexury\personajes\glowing_energy_humanoid\glowing+energy+humanoid+3d+OBJ+model.zip","personajes","glowing_energy_humanoid","glowing energy humanoid 3d model","Archivo"
"D:\Modelos_3D_Comentados_Lexury\modelos 3d\humanoid+3d+model.zip","D:\Modelos_3D_Comentados_Lexury\personajes\humanoid\humanoid+3d+model__from_modelos_3d.zip","personajes","humanoid","modelos 3d","Archivo"
"D:\Modelos_3D_Comentados_Lexury\fantasy armored character 3d model\humanoid+3d+model.zip","D:\Modelos_3D_Comentados_Lexury\personajes\humanoid\humanoid+3d+model.zip","personajes","humanoid","fantasy armored character 3d model","Archivo"
"D:\Modelos_3D_Comentados_Lexury\modelos 3d\ice-fire+character+3d+model.zip","D:\Modelos_3D_Comentados_Lexury\personajes\ice_fire_character\ice-fire+character+3d+model.zip","personajes","ice_fire_character","modelos 3d","Archivo"
"D:\Modelos_3D_Comentados_Lexury\modelos 3d\lightning+bolt+character+3d+model.zip","D:\Modelos_3D_Comentados_Lexury\personajes\lightning_bolt_character\lightning+bolt+character+3d+model__from_modelos_3d.zip","personajes","lightning_bolt_character","modelos 3d","Archivo"
"D:\Modelos_3D_Comentados_Lexury\fantasy armored character 3d model\lightning+bolt+character+3d+model.zip","D:\Modelos_3D_Comentados_Lexury\personajes\lightning_bolt_character\lightning+bolt+character+3d+model.zip","personajes","lightning_bolt_character","fantasy armored character 3d model","Archivo"
"D:\Modelos_3D_Comentados_Lexury\personaje-elemental-hielo-fuego\personaje-elemental-hielo-fuego-FBX.zip","D:\Modelos_3D_Comentados_Lexury\personajes\personaje_elemental_hielo_fuego\personaje-elemental-hielo-fuego-FBX.zip","personajes","personaje_elemental_hielo_fuego","personaje-elemental-hielo-fuego","Archivo"
"D:\Modelos_3D_Comentados_Lexury\personaje-elemental-hielo-fuego\personaje-elemental-hielo-fuego-OBJ.zip","D:\Modelos_3D_Comentados_Lexury\personajes\personaje_elemental_hielo_fuego\personaje-elemental-hielo-fuego-OBJ.zip","personajes","personaje_elemental_hielo_fuego","personaje-elemental-hielo-fuego","Archivo"
"D:\Modelos_3D_Comentados_Lexury\personaje-elemental-hielo-fuego\personaje-elemental-hielo-fuego.glb","D:\Modelos_3D_Comentados_Lexury\personajes\personaje_elemental_hielo_fuego\personaje-elemental-hielo-fuego.glb","personajes","personaje_elemental_hielo_fuego","personaje-elemental-hielo-fuego","Archivo"
"D:\Modelos_3D_Comentados_Lexury\personaje-elemental-hielo-fuego\personaje-elemental-hielo-fuego.stl","D:\Modelos_3D_Comentados_Lexury\personajes\personaje_elemental_hielo_fuego\personaje-elemental-hielo-fuego.stl","personajes","personaje_elemental_hielo_fuego","personaje-elemental-hielo-fuego","Archivo"
"D:\Modelos_3D_Comentados_Lexury\flower+creature+3d+model\pink+ballerina+doll+3d+model.glb","D:\Modelos_3D_Comentados_Lexury\personajes\pink_ballerina_doll\pink+ballerina+doll+3d+model.glb","personajes","pink_ballerina_doll","flower+creature+3d+model","Archivo"
"D:\Modelos_3D_Comentados_Lexury\anime girl 3d model\pink+ballerina+doll+3d+model.stl","D:\Modelos_3D_Comentados_Lexury\personajes\pink_ballerina_doll\pink+ballerina+doll+3d+model.stl","personajes","pink_ballerina_doll","anime girl 3d model","Archivo"
"D:\Modelos_3D_Comentados_Lexury\anime girl 3d model\pink+ballerina+doll+3d+model.zip","D:\Modelos_3D_Comentados_Lexury\personajes\pink_ballerina_doll\pink+ballerina+doll+3d+model.zip","personajes","pink_ballerina_doll","anime girl 3d model","Archivo"
"D:\Modelos_3D_Comentados_Lexury\princess+peach+3d+model.zip","D:\Modelos_3D_Comentados_Lexury\personajes\princess_peach\princess+peach+3d+model__from_root.zip","personajes","princess_peach","root","Archivo"
"D:\Modelos_3D_Comentados_Lexury\blue+fantasy+dress+3d+model\princess+peach+3d+model.glb","D:\Modelos_3D_Comentados_Lexury\personajes\princess_peach\princess+peach+3d+model.glb","personajes","princess_peach","blue+fantasy+dress+3d+model","Archivo"
"D:\Modelos_3D_Comentados_Lexury\anime girl 3d model\princess+peach+3d+model.stl","D:\Modelos_3D_Comentados_Lexury\personajes\princess_peach\princess+peach+3d+model.stl","personajes","princess_peach","anime girl 3d model","Archivo"
"D:\Modelos_3D_Comentados_Lexury\anime girl 3d model\princess+peach+3d+model.zip","D:\Modelos_3D_Comentados_Lexury\personajes\princess_peach\princess+peach+3d+model.zip","personajes","princess_peach","anime girl 3d model","Archivo"
"D:\Modelos_3D_Comentados_Lexury\modelos 3d\silver+humanoid+3d+model.glb","D:\Modelos_3D_Comentados_Lexury\personajes\silver_humanoid\silver+humanoid+3d+model.glb","personajes","silver_humanoid","modelos 3d","Archivo"
"D:\Modelos_3D_Comentados_Lexury\futuristic+humanoid+3d+model\silver+humanoid+3d+model.stl","D:\Modelos_3D_Comentados_Lexury\personajes\silver_humanoid\silver+humanoid+3d+model.stl","personajes","silver_humanoid","futuristic+humanoid+3d+model","Archivo"
"D:\Modelos_3D_Comentados_Lexury\modelos 3d\steampunk+plush+3d+model.zip","D:\Modelos_3D_Comentados_Lexury\personajes\steampunk_plush\steampunk+plush+3d+model__from_modelos_3d.zip","personajes","steampunk_plush","modelos 3d","Archivo"
"D:\Modelos_3D_Comentados_Lexury\fantasy armored character 3d model\steampunk+plush+3d+model.zip","D:\Modelos_3D_Comentados_Lexury\personajes\steampunk_plush\steampunk+plush+3d+model.zip","personajes","steampunk_plush","fantasy armored character 3d model","Archivo"
"D:\Modelos_3D_Comentados_Lexury\stylized+female+character+3d+model.zip","D:\Modelos_3D_Comentados_Lexury\personajes\stylized_female_character\stylized+female+character+3d+model__from_root.zip","personajes","stylized_female_character","root","Archivo"
"D:\Modelos_3D_Comentados_Lexury\stylized female character 3d model\stylized+female+character+3d+model.zip","D:\Modelos_3D_Comentados_Lexury\personajes\stylized_female_character\stylized+female+character+3d+model__from_stylized_female_character_3d_model.zip","personajes","stylized_female_character","stylized female character 3d model","Archivo"
"D:\Modelos_3D_Comentados_Lexury\stylized female character 3d model\stylized+female+character+3d+model.glb","D:\Modelos_3D_Comentados_Lexury\personajes\stylized_female_character\stylized+female+character+3d+model.glb","personajes","stylized_female_character","stylized female character 3d model","Archivo"
"D:\Modelos_3D_Comentados_Lexury\anime girl 3d model\stylized+female+character+3d+model.zip","D:\Modelos_3D_Comentados_Lexury\personajes\stylized_female_character\stylized+female+character+3d+model.zip","personajes","stylized_female_character","anime girl 3d model","Archivo"
"D:\Modelos_3D_Comentados_Lexury\modelos 3d\water+elemental+man+3d+model.zip","D:\Modelos_3D_Comentados_Lexury\personajes\water_elemental_man\water+elemental+man+3d+model__from_modelos_3d.zip","personajes","water_elemental_man","modelos 3d","Archivo"
"D:\Modelos_3D_Comentados_Lexury\fantasy armored character 3d model\water+elemental+man+3d+model.zip","D:\Modelos_3D_Comentados_Lexury\personajes\water_elemental_man\water+elemental+man+3d+model.zip","personajes","water_elemental_man","fantasy armored character 3d model","Archivo"
"D:\Modelos_3D_Comentados_Lexury\hislas\miniature+diorama+3d+model.zip","D:\Modelos_3D_Comentados_Lexury\entornos\\Escenas\miniature_diorama\miniature+diorama+3d+model.zip","entornos\\Escenas","miniature_diorama","hislas","Archivo"
"D:\Modelos_3D_Comentados_Lexury\fairy+house+3d+model.zip","D:\Modelos_3D_Comentados_Lexury\entornos\\Estructuras\fairy_house\fairy+house+3d+model__from_root.zip","entornos\\Estructuras","fairy_house","root","Archivo"
"D:\Modelos_3D_Comentados_Lexury\fairy+house+3d+model\fairy+house+3d+model.glb","D:\Modelos_3D_Comentados_Lexury\entornos\\Estructuras\fairy_house\fairy+house+3d+model.glb","entornos\\Estructuras","fairy_house","fairy+house+3d+model","Archivo"
"D:\Modelos_3D_Comentados_Lexury\anime girl 3d model\fairy+house+3d+model.stl","D:\Modelos_3D_Comentados_Lexury\entornos\\Estructuras\fairy_house\fairy+house+3d+model.stl","entornos\\Estructuras","fairy_house","anime girl 3d model","Archivo"
"D:\Modelos_3D_Comentados_Lexury\anime girl 3d model\fairy+house+3d+model.zip","D:\Modelos_3D_Comentados_Lexury\entornos\\Estructuras\fairy_house\fairy+house+3d+model.zip","entornos\\Estructuras","fairy_house","anime girl 3d model","Archivo"
"D:\Modelos_3D_Comentados_Lexury\fantasy+cottage+3d+model.zip","D:\Modelos_3D_Comentados_Lexury\entornos\\Estructuras\fantasy_cottage\fantasy+cottage+3d+model__from_root.zip","entornos\\Estructuras","fantasy_cottage","root","Archivo"
"D:\Modelos_3D_Comentados_Lexury\blue+fantasy+dress+3d+model\fantasy+cottage+3d+model.glb","D:\Modelos_3D_Comentados_Lexury\entornos\\Estructuras\fantasy_cottage\fantasy+cottage+3d+model.glb","entornos\\Estructuras","fantasy_cottage","blue+fantasy+dress+3d+model","Archivo"
"D:\Modelos_3D_Comentados_Lexury\anime girl 3d model\fantasy+cottage+3d+model.stl","D:\Modelos_3D_Comentados_Lexury\entornos\\Estructuras\fantasy_cottage\fantasy+cottage+3d+model.stl","entornos\\Estructuras","fantasy_cottage","anime girl 3d model","Archivo"
"D:\Modelos_3D_Comentados_Lexury\anime girl 3d model\fantasy+cottage+3d+model.zip","D:\Modelos_3D_Comentados_Lexury\entornos\\Estructuras\fantasy_cottage\fantasy+cottage+3d+model.zip","entornos\\Estructuras","fantasy_cottage","anime girl 3d model","Archivo"
"D:\Modelos_3D_Comentados_Lexury\fantasy+treehouse+3d+model.zip","D:\Modelos_3D_Comentados_Lexury\entornos\\Estructuras\fantasy_treehouse\fantasy+treehouse+3d+model__from_root.zip","entornos\\Estructuras","fantasy_treehouse","root","Archivo"
"D:\Modelos_3D_Comentados_Lexury\anime girl 3d model\fantasy+treehouse+3d+model.zip","D:\Modelos_3D_Comentados_Lexury\entornos\\Estructuras\fantasy_treehouse\fantasy+treehouse+3d+model.zip","entornos\\Estructuras","fantasy_treehouse","anime girl 3d model","Archivo"
"D:\Modelos_3D_Comentados_Lexury\hislas\ornate+palace+3d+model.zip","D:\Modelos_3D_Comentados_Lexury\entornos\\Estructuras\ornate_palace\ornate+palace+3d+model.zip","entornos\\Estructuras","ornate_palace","hislas","Archivo"
"D:\Modelos_3D_Comentados_Lexury\modelos 3d\futuristic+assault+rifle+3d+model.zip","D:\Modelos_3D_Comentados_Lexury\props\\Armas\futuristic_assault_rifle\futuristic+assault+rifle+3d+model__from_modelos_3d.zip","props\\Armas","futuristic_assault_rifle","modelos 3d","Archivo"
"D:\Modelos_3D_Comentados_Lexury\Armas\futuristic+assault+rifle+3d+model.zip","D:\Modelos_3D_Comentados_Lexury\props\\Armas\futuristic_assault_rifle\futuristic+assault+rifle+3d+model.zip","props\\Armas","futuristic_assault_rifle","Armas","Archivo"
"D:\Modelos_3D_Comentados_Lexury\modelos 3d\ornate+pistol+3d+model.zip","D:\Modelos_3D_Comentados_Lexury\props\\Armas\ornate_pistol\ornate+pistol+3d+model__from_modelos_3d.zip","props\\Armas","ornate_pistol","modelos 3d","Archivo"
"D:\Modelos_3D_Comentados_Lexury\Armas\ornate+pistol+3d+model.zip","D:\Modelos_3D_Comentados_Lexury\props\\Armas\ornate_pistol\ornate+pistol+3d+model.zip","props\\Armas","ornate_pistol","Armas","Archivo"
"D:\Modelos_3D_Comentados_Lexury\blue+fantasy+dress+3d+model.zip","D:\Modelos_3D_Comentados_Lexury\props\\Vestuario\blue_fantasy_dress\blue+fantasy+dress+3d+model__from_root.zip","props\\Vestuario","blue_fantasy_dress","root","Archivo"
"D:\Modelos_3D_Comentados_Lexury\blue+fantasy+dress+3d+model\blue+fantasy+dress+3d+model.glb","D:\Modelos_3D_Comentados_Lexury\props\\Vestuario\blue_fantasy_dress\blue+fantasy+dress+3d+model.glb","props\\Vestuario","blue_fantasy_dress","blue+fantasy+dress+3d+model","Archivo"
"D:\Modelos_3D_Comentados_Lexury\anime girl 3d model\blue+fantasy+dress+3d+model.stl","D:\Modelos_3D_Comentados_Lexury\props\\Vestuario\blue_fantasy_dress\blue+fantasy+dress+3d+model.stl","props\\Vestuario","blue_fantasy_dress","anime girl 3d model","Archivo"
"D:\Modelos_3D_Comentados_Lexury\anime girl 3d model\blue+fantasy+dress+3d+model.zip","D:\Modelos_3D_Comentados_Lexury\props\\Vestuario\blue_fantasy_dress\blue+fantasy+dress+3d+model.zip","props\\Vestuario","blue_fantasy_dress","anime girl 3d model","Archivo"
"D:\Modelos_3D_Comentados_Lexury\torzos\cowgirl+outfit+3d+model.zip","D:\Modelos_3D_Comentados_Lexury\props\\Vestuario\cowgirl_outfit\cowgirl+outfit+3d+model__from_torzos.zip","props\\Vestuario","cowgirl_outfit","torzos","Archivo"
"D:\Modelos_3D_Comentados_Lexury\modelos 3d\cowgirl+outfit+3d+model.zip","D:\Modelos_3D_Comentados_Lexury\props\\Vestuario\cowgirl_outfit\cowgirl+outfit+3d+model.zip","props\\Vestuario","cowgirl_outfit","modelos 3d","Archivo"
"D:\Modelos_3D_Comentados_Lexury\luxury+ball+gown+3d+model.zip","D:\Modelos_3D_Comentados_Lexury\props\\Vestuario\luxury_ball_gown\luxury+ball+gown+3d+model__from_root.zip","props\\Vestuario","luxury_ball_gown","root","Archivo"
"D:\Modelos_3D_Comentados_Lexury\blue+fantasy+dress+3d+model\luxury+ball+gown+3d+model.glb","D:\Modelos_3D_Comentados_Lexury\props\\Vestuario\luxury_ball_gown\luxury+ball+gown+3d+model.glb","props\\Vestuario","luxury_ball_gown","blue+fantasy+dress+3d+model","Archivo"
"D:\Modelos_3D_Comentados_Lexury\anime girl 3d model\luxury+ball+gown+3d+model.stl","D:\Modelos_3D_Comentados_Lexury\props\\Vestuario\luxury_ball_gown\luxury+ball+gown+3d+model.stl","props\\Vestuario","luxury_ball_gown","anime girl 3d model","Archivo"
"D:\Modelos_3D_Comentados_Lexury\anime girl 3d model\luxury+ball+gown+3d+model.zip","D:\Modelos_3D_Comentados_Lexury\props\\Vestuario\luxury_ball_gown\luxury+ball+gown+3d+model.zip","props\\Vestuario","luxury_ball_gown","anime girl 3d model","Archivo"
"D:\Modelos_3D_Comentados_Lexury\winged+high+heel+3d+model.zip","D:\Modelos_3D_Comentados_Lexury\props\\Vestuario\winged_high_heel\winged+high+heel+3d+model__from_root.zip","props\\Vestuario","winged_high_heel","root","Archivo"
"D:\Modelos_3D_Comentados_Lexury\blue+fantasy+dress+3d+model\winged+high+heel+3d+model.glb","D:\Modelos_3D_Comentados_Lexury\props\\Vestuario\winged_high_heel\winged+high+heel+3d+model.glb","props\\Vestuario","winged_high_heel","blue+fantasy+dress+3d+model","Archivo"
"D:\Modelos_3D_Comentados_Lexury\anime girl 3d model\winged+high+heel+3d+model.stl","D:\Modelos_3D_Comentados_Lexury\props\\Vestuario\winged_high_heel\winged+high+heel+3d+model.stl","props\\Vestuario","winged_high_heel","anime girl 3d model","Archivo"
"D:\Modelos_3D_Comentados_Lexury\anime girl 3d model\winged+high+heel+3d+model.zip","D:\Modelos_3D_Comentados_Lexury\props\\Vestuario\winged_high_heel\winged+high+heel+3d+model.zip","props\\Vestuario","winged_high_heel","anime girl 3d model","Archivo"
"D:\Modelos_3D_Comentados_Lexury\animaciones\Meshy_AI_lumis_0329001804_texture_fbx.zip","D:\Modelos_3D_Comentados_Lexury\animaciones\\Biped\meshy_ai_lumis\Meshy_AI_lumis_0329001804_texture_fbx.zip","animaciones\\Biped","meshy_ai_lumis","animaciones","Archivo"
"D:\Modelos_3D_Comentados_Lexury\animaciones\Meshy_AI_lumis_biped.zip","D:\Modelos_3D_Comentados_Lexury\animaciones\\Biped\meshy_ai_lumis\Meshy_AI_lumis_biped.zip","animaciones\\Biped","meshy_ai_lumis","animaciones","Archivo"
"D:\Modelos_3D_Comentados_Lexury\animaciones\Meshy_AI_lumis_biped1.zip","D:\Modelos_3D_Comentados_Lexury\animaciones\\Biped\meshy_ai_lumis\Meshy_AI_lumis_biped1.zip","animaciones\\Biped","meshy_ai_lumis","animaciones","Archivo"
"D:\Modelos_3D_Comentados_Lexury\animaciones\Meshy_AI_lumis_biped30fps.zip","D:\Modelos_3D_Comentados_Lexury\animaciones\\Biped\meshy_ai_lumis\Meshy_AI_lumis_biped30fps.zip","animaciones\\Biped","meshy_ai_lumis","animaciones","Archivo"
"D:\Modelos_3D_Comentados_Lexury\02603854-46dd-45cc-a196-5932a1a2a737.zip","D:\Modelos_3D_Comentados_Lexury\por_clasificar\02603854_46dd_45cc_a196_5932a1a2a737\02603854-46dd-45cc-a196-5932a1a2a737__from_root.zip","por_clasificar","02603854_46dd_45cc_a196_5932a1a2a737","root","Archivo"
"D:\Modelos_3D_Comentados_Lexury\02603854-46dd-45cc-a196-5932a1a2a737.glb","D:\Modelos_3D_Comentados_Lexury\por_clasificar\02603854_46dd_45cc_a196_5932a1a2a737\02603854-46dd-45cc-a196-5932a1a2a737.glb","por_clasificar","02603854_46dd_45cc_a196_5932a1a2a737","root","Archivo"
"D:\Modelos_3D_Comentados_Lexury\anime girl 3d model\02603854-46dd-45cc-a196-5932a1a2a737.stl","D:\Modelos_3D_Comentados_Lexury\por_clasificar\02603854_46dd_45cc_a196_5932a1a2a737\02603854-46dd-45cc-a196-5932a1a2a737.stl","por_clasificar","02603854_46dd_45cc_a196_5932a1a2a737","anime girl 3d model","Archivo"
"D:\Modelos_3D_Comentados_Lexury\anime girl 3d model\02603854-46dd-45cc-a196-5932a1a2a737.zip","D:\Modelos_3D_Comentados_Lexury\por_clasificar\02603854_46dd_45cc_a196_5932a1a2a737\02603854-46dd-45cc-a196-5932a1a2a737.zip","por_clasificar","02603854_46dd_45cc_a196_5932a1a2a737","anime girl 3d model","Archivo"
"D:\Modelos_3D_Comentados_Lexury\modelos 3d\workspace-e252e028-c816-4b16-955c-4c07a76516b9.tar","D:\Modelos_3D_Comentados_Lexury\por_clasificar\workspace_e252e028_c816_4b16_955c_4c07a76516b9\workspace-e252e028-c816-4b16-955c-4c07a76516b9.tar","por_clasificar","workspace_e252e028_c816_4b16_955c_4c07a76516b9","modelos 3d","Archivo"
